TICKER,QUALITY_SCORE,HISTORY_YEARS,AVG_DAILY_LIQUIDITY_BRL,VALUATION_SCORE
WEGE3,98.03978963275011,21.31186814239854,372048826.18,0.0
PRIO3,95.84302396502144,10.516300813842856,360670084.316,16.666666666666664
STBP3,95.76190476190476,18.07292415313114,67708585.88947369,
LEVE3,93.93325789177364,25.29826074457381,8916959.364,64.53846153846155
KEPL3,93.91324075738902,25.10660725408461,13503086.316,72.46153846153845
UNIP6,93.6583530565452,25.99368912434889,11468804.708,33.53846153846154
PETR4,92.70304115135347,25.99368912434889,1143941004.824,72.22222222222223
ODPV3,92.46577169325828,19.083211838709897,19801264.22,
CPFE3,91.62548252914664,21.254372095251785,69215153.728,66.66666666666667
SLCE3,91.53312852642746,18.54658206534015,40474225.648,38.888888888888886
TOTS3,91.51696833142738,19.81423300957583,129784020.32,9.923076923076923
VALE3,91.42518032400862,25.99368912434889,1330630537.984,50.0
VULC3,90.33802360444786,25.112083068098592,17083331.328,84.61538461538461
ABEV3,89.103964302296,12.137141761980054,399954557.492,37.15384615384615
ITUB4,88.88397995617356,16.61635762541325,808140458.856,12.0
TAEE11,88.54985134667037,13.590970382690951,66344573.048,0.0
CMIG4,88.03470756980676,25.99368912434889,127728362.584,83.33333333333333
BBSE3,86.91119748950352,12.673771535349802,195698989.652,80.0
FRAS3,85.25923868972319,22.207163733683785,9997218.696,23.307692307692307
RADL3,85.00453848099144,14.03451131782309,207186318.26,11.615384615384617
PSSA3,84.19252185771037,21.106525116874405,97524684.468,56.0
TGMA3,83.98120005771733,18.49729973921436,8062324.58,54.84615384615385
CSMG3,83.63642698775638,19.893632312778497,67504575.916,16.666666666666668
BRAP4,83.125,25.39134958281142,65196416.26,94.44444444444444
MULT3,81.070606756802,18.431589971046638,100457788.192,35.38461538461539
ITSA4,80.455972081849,25.99368912434889,288402620.292,28.0
SMTO3,78.81736519282796,18.883344627199737,33808593.712,55.55555555555556
DIRR3,77.41394219957665,16.115320643134357,73641446.84,70.6923076923077
RAPT4,77.09748054381971,25.99368912434889,25991178.12,
JHSF3,77.05664955987903,18.72180811378741,19183067.752,94.0
ISAE4,76.80547116069866,25.99368912434889,52581084.656,66.66666666666667
ALOS3,75.2097333087631,14.907903653052424,95125463.216,37.07692307692308
MILS3,75.07496899884339,15.710110406100055,10899596.32,50.92307692307692
AZZA3,74.27639098819714,14.910641560059412,80497377.528,92.23076923076924
GGBR4,74.22984237065761,24.912215856588432,182313440.148,61.11111111111112
GOAU4,74.00433178667969,25.99368912434889,73108649.304,94.44444444444444
ENGI11,72.9406954228114,18.73002183480838,124645109.016,75.0
HYPE3,72.46734879476837,17.70330670718769,78666273.844,21.846153846153847
POMO4,71.91942693275166,25.99368912434889,93908596.944,92.15384615384616
CPLE6,71.8290230645591,25.99368912434889,151565940.05555555,
ECOR3,71.62191421869625,15.751179011204885,31002611.948,62.76923076923077
BEEF3,70.76190476190476,18.450755320095556,75931380.776,82.38461538461539
KLBN11,70.35322165126335,12.08785943585426,96108932.716,0.0
LREN3,70.18465108493632,23.90466607801666,247288358.108,72.3076923076923
JBSS3,69.41055644060829,18.760138811885252,452751665.9345794,
CCRO3,67.30096759912075,23.912879799037626,129801935.7037037,
BBAS3,66.56910297493555,25.99368912434889,650157592.664,84.0
VLID3,66.51100675599244,15.140625748646446,7884045.292,88.07692307692308
VBBR3,65.63984305657945,24.077154219456936,219422230.992,11.692307692307692
ABCB4,64.86763091326266,18.26457764362033,11091537.692,
FLRY3,64.73866426515202,16.03865924693868,45895652.672,15.76923076923077
ALUP11,63.871109277496615,12.687461070384744,27720293.28,41.66666666666667
GRND3,63.3916540436023,21.17223488504213,15436112.004,55.230769230769226
UGPA3,60.795962998674014,23.03948746380829,116710370.928,16.666666666666664
VIVT3,60.07256434295367,14.23711643634024,147861059.388,25.46153846153846
