CD_CVM,PL_NORMALIZADO_C25,EV_EBIT_NORMALIZADO_C25_CORRETO,MARKET_CAP_ANTIGO_CORRETO,ROE_HISTORICO_VALUATION
CD_CVM,PL_NORMALIZADO_C25,EV_EBIT_NORMALIZADO_C25_CORRETO,MARKET_CAP_ANTIGO_CORRETO,ROE_HISTORICO_VALUATION
22187,9.63854092106031,14.828603222403888,33031973711.42,
9512,3.8073200258778535,4.064209903044333,421108631462.22,
20745,8.486495335987975,6.81566102856901,7960162895.25,
4170,7.551528618427775,5.6553911568776805,306244691591.72,
20516,4.804687165191229,7.176164954412345,4880332159.92,
3980,5.307315791610516,4.616415400210873,40001148897.0,
8656,1.5694192362019508,1.933588819482216,11904192432.0,
12653,46.8182454610752,35.55906735075673,133309710306.92,
18465,8.84576785069862,8.940758448258725,22271458543.4,
18724,2.0985259012655337,2.1453125248362825,7822622538.999999,
19348,,,432388059822.66,0.1799261898095977
23159,,,70176134865.59999,0.8523424853243691
16659,,,30998388740.28,0.1979838794309143
7617,,,130901847719.68,0.1733041347562682
1023,,,125138504138.88,0.1535176079331615
20958,,,6111389811.3,0.1343136824353671
